Incident,Location,Reported,Occurred,Comments / Nature of Fire,Disposition,UCPDI#,lat,long,geometry,reported_date
Assist Other Agency / Theft,"5228 S. Lake Park, Chicago, IL",9/27/23 10:56 AM,9/27/23 10:50 AM,CPD officers arrested a suspect for retail theft  / CPD case JG441029,CPD,2023-034102,41.80058330960611,-87.58749463922226,,2023-09-27
Information / Theft,"1228 E. 53rd St., Chicago, IL",9/27/23 3:01 PM,9/27/23 3:00 PM,An unknown person took merchandise from the store without paying / Referred to CPD,Referred,2023-034131,41.79951602876639,-87.59614963880938,,2023-09-27
Information / Battery,"1174 E. 55th St., Chicago, IL",9/28/23 9:02 AM,9/28/23 8:55 AM,A customer threw a drink onto an employee before fleeing / Referred to CPD,Referred,2023-034220,41.79511856384761,-87.5970483970591,,2023-09-28
Theft,"5747 S. Ellis, Chicago, IL",9/28/23 5:46 PM,9/28/23 9:45 AM to 4:45 PM,Secured bike taken from bike rack,Open,23-00932,41.79051653475421,-87.60120377445281,,2023-09-28
Information / Theft,"1554 E. 55th St., Chicago, IL",9/29/23 2:58 PM,9/29/23 2:45 PM,Subject took merchandise from the off-campus store without paying / Referred to CPD,Referred,2023-034396,41.7952934540188,-87.588744563006,,2023-09-29
Information / Theft,"1346 E. 53rd St., Chicago, IL",9/29/23 3:13 PM,9/29/23 3:10 PM,Unknown suspect took merchandise from the off-campus store without paying / Referred to CPD,Referred,2023-034399,41.79955044222373,-87.59306282398296,,2023-09-29
Information / Theft from Person,"5219 S. Kenwood, Chicago, IL",9/29/23 7:05 PM,9/29/23 7:00 PM,Two unknown suspects snatched phone from a victim while walking on the sidewalk off-campus / CPD case JG444200,CPD,2023-034421,41.80016816782808,-87.59281146427037,,2023-09-29
Information / Theft from Person,"5200 S. Kimbark, Chicago, IL",9/29/23 7:42 PM,9/29/23 7:05 PM,Two unknown suspects snatched phone from a victim while walking on the sidewalk off-campus / Referred to CPD,Referred,2023-034433,41.80088438413196,-87.59513098063167,,2023-09-29
Information / Armed Robbery,"5100 S. Kenwood, Chicago, IL",9/30/23 10:39 AM,9/30/23 10:35 AM,"Four unknown suspects, armed with handguns, took property from a person walking on the street off-campus / Suspects fled in a waiting vehicle / Referred to CPD",Referred,2023-034525,41.802341542861086,-87.59355031829563,,2023-09-30
Information / Domestic Battery,"1328 E. Hyde Park, Chicago, IL",9/30/23 4:03 PM,9/30/23 4:00 PM,"Victim reported that subsequent to an argument with his two brothers, they struck him with their fists and fled before police arrived / Referred to CPD",Referred,2023-034550,41.8024574530599,-87.59366000885012,,2023-09-30
Information / Attempted Theft from Person,"5400 S. Harper, Chicago, IL",9/30/23 5:09 PM,9/30/23 5:00 PM,"Unknown suspect attempted to take a purse from a person walking on the sidewalk off-campus, but failed to do so / Suspect fled to waiting vehicle that drove off / Referred to CPD",Referred,2023-034554,41.79802221869079,-87.58913225273079,,2023-09-30
Information / Attempted Theft from Person,"5500 S. Dorchester, Chicago, IL",9/30/23 5:23 PM,9/30/23 4:40 PM,Unknown suspect exited vehicle and attempted to take a phone from the hand of a victim standing on the sidewalk off-campus /Suspect failed to take the phone and ran to a waiting vehicle / Referred to CPD,Referred,2023-034556,41.79442198003318,-87.59174191818028,,2023-09-30
Information / Theft from Person,"5495 S. Hyde Park, Chicago, IL",9/30/23 6:32 PM,9/30/23 6:30 PM,Unknown suspect snatched phone from the hand of a person waiting at an off-campus bus stop / Suspect fled to a waiting vehicle / Referred to CPD,Referred,2023-034563,41.79539363692339,-87.58387574951325,,2023-09-30
Theft,"1313 E. 60th St., Chicago, IL",10/1/23 6:41 PM,10/1/23 5:50 PM to 6:15 PM,Person walking on the sidewalk unknowingly dropped pouch containing ID and keys / Upon returning found empty pouch with all items taken,Open,23-00945,41.78601136679106,-87.594044806635,,2023-10-01
Theft,"5625 S. Ellis, Chicago, IL",10/2/23 2:21 AM,10/2/23 1:00 AM to 1:20 AM,Unsecured Divvy bicycle taken,Open,23-00947,41.79273766417981,-87.60125726678427,,2023-10-02
Theft,"1118 E. 58th St., Chicago, IL",10/2/23 3:36 PM,10/2/23 12:15 PM to 1:15 PM,"An unattended, unsecured brown leather satchel was taken from a bench in the courtyard / Complainant advised UCPD Investigations that her property had been found and all property returned / No theft occurred",Unfounded,23-00949,41.78967745544361,-87.59703753832349,,2023-10-02
Motor Vehicle Theft,"6000 S. Woodlawn, Chicago, IL",10/2/23 5:04 PM,10/2/23 4:15 PM to 5:00 PM,Parked and secured 2018 Infiniti taken from the street,Open,23-00950,41.785078879134176,-87.59638688406278,,2023-10-02
Battery,"5656 S. Maryland, Chicago, IL",10/2/23 6:15 PM,10/2/23 5:34 PM,Mental patient punched a UCM staff member / Victim declined prosecution due to suspect's mental state,Ex. Cleared,23-00953,41.7921342041933,-87.60503296834287,,2023-10-02
Information / Armed Robbery,"1233 E. 56th St., Chicago, IL",10/2/23 10:30 PM,10/2/23 10:20 PM,Two unknown suspects armed with handguns exited a vehicle and took property from two people walking on the sidewalk off-campus before reentering the waiting vehicle and driving off / CPD case,CPD,2023-034851,41.79322586335246,-87.59551972222295,,2023-10-02
Information / Armed Robbery,"5639 S. Kenwood, Chicago, IL",10/2/23 10:32 PM,10/2/23 10:30 PM,Two unknown suspects armed with handguns exited a vehicle and took property from two people walking on the sidewalk off-campus before reentering the waiting vehicle and driving off / CPD case,CPD,2023-034853,41.792874708086,-87.59317340155309,,2023-10-02
Theft,"1100 E. 57th St., Chicago, IL",10/3/23 4:24 PM,10/3/23 11:00 AM to 1:45 PM,Secured bicycle taken from bike rack,Open,23-00957,41.79148537051799,-87.59815254349274,,2023-10-03
Theft,"900 E. 57th St., Chicago, IL",10/3/23 6:26 PM,10/3/23 10:30 AM to 6:15 PM,Secured bicycle taken from bike rack,Open,23-00958,41.79142345551048,-87.60366291896173,,2023-10-03
Information / Aggravated Battery,"4358 S. Lake Park, Chicago, IL",10/3/23 5:35 PM,10/3/23 5:30 PM,CPD and UCPD responded to shots fired / Officers found two people suffered gun shot wounds and were transported to UCMED by CFD EMS / CPD case JG449425,CPD,2023-034987,41.81533182353184,-87.59781650746146,,2023-10-03
Domestic Battery,"5100 S. Cornell, Chicago, IL",10/3/23 9:09 PM,10/3/23 9:09 PM,"During the course of a domestic argument, boyfriend struck and bit girlfriend / Suspect arrested by UCPD officer",Arrest,23-00959,41.80240934324155,-87.58669911378331,,2023-10-03
Battery,"5656 S. Maryland, Chicago, IL",10/4/23 7:20 AM,10/4/23 7:15 AM,One visitor struck another during a disagreement / Victim declined prosecution,Ex. Cleared,23-00960,41.7921342041933,-87.60503296834287,,2023-10-04
Theft,"5835 S. Kimbark, Chicago, IL",10/6/23 9:39 AM,10/5/23 7:00 AM to 8:20 PM,Jacket taken from secured room,Open,23-00964,41.78899081872407,-87.59470166770689,,2023-10-06
Motor Vehicle Theft,"5656 S. Drexel, Chicago, IL",10/6/23 3:44 PM,10/6/23 5:00 AM to 2:50 PM,2017 Hyundai Elantra stolen from the street,Open,23-00969,41.79276449664923,-87.60385123961777,,2023-10-06
Information / Robbery,"5312 S. Greenwood, Chicago, IL",10/6/23 10:27 PM,10/6/23 10:15 PM,Three unknown suspects took property from a victim walking on the sidewalk off-campus before fleeing to a waiting vehicle / CPD case,CPD,2023-035426,41.7991976042178,-87.59981274176101,,2023-10-06
Information / Armed Robbery,"5118 S. Greenwood, Chicago, IL",10/6/23 10:55 PM,10/6/23 10:40 PM,"Four unknown suspects, one armed with a handgun, took property from two victims walking on the sidewalk off-campus before fleeing to a waiting vehicle / CPD case",CPD,2023-035432,41.80202744914743,-87.59987462688383,,2023-10-06
Information / Armed Robbery,"5400 S. University, Chicago, IL",10/6/23 10:34 PM,10/6/23 10:30 PM,"Four unknown suspects, one armed with a handgun, took property from two victims walking on the sidewalk off-campus before fleeing to a waiting vehicle / CPD case",CPD,2023-035429,41.79791358328043,-87.59822136750432,,2023-10-06
Theft,"5730 S. Ellis, Chicago, IL",10/8/23 5:03 PM,10/8/23 4:40 PM to 4:45 PM,"An electric scooter, secured to bike rack, was taken by an unknown person",Open,23-00978,41.79080003328852,-87.60136349415598,,2023-10-08
Theft,"5530 S. Ellis, Chicago, IL",10/9/23 12:40 PM,10/7/23 10:00 AM to 3:00 PM,"Unattended, unsecured electric scooter taken from lobby of Ratner A.C.",Open,23-00980,41.79444356299348,-87.6014480073706,,2023-10-09
Information / Theft,"5312 S. Dorchester, Chicago, IL",10/9/23 10:30 AM,10/7/23 2:00 AM to 9:00 AM,Bicycle secured to front gate of off-campus building was taken / Referred to CPD,Referred,2023-035726,41.799349798151525,-87.59185975639821,,2023-10-09
Information / Armed Robbery,"1003 E. 53rd St., Chicago, IL",10/9/23 6:24 PM,10/9/23 6:00 PM,"Two victim's attempting to secure Divvy bikes off-campus at 53rd & Ellis were surrounded by 7-10 subjects, one of whom displayed a handgun and demanded property / The suspects took the Divvy bikes and fled / CPD case JG457269",CPD,2023-035769,41.79934586261288,-87.60115647184097,,2023-10-09
Information / Theft,"5487 S. Drexel, Chicago, IL",10/10/23 7:03 AM,10/10/23 1:00 AM to 6:00 AM,Bicycle secured to city sign pole off-campus was taken by unknown person(s) / Referred to CPD,Referred,2023-035827,41.79558525378127,-87.6037614219905,,2023-10-10
Theft,"1100 E. 57th St., Chicago, IL",10/10/23 11:07 AM,9/25/23 to 10/2/23 8:00 AM to 11:00 AM,Secured bicycle taken from bike rack,Open,23-00982,41.79148537051799,-87.59815254349274,,2023-10-10
Theft,"1164 E. 55th St., Chicago, IL",10/10/23 2:14 PM,10/10/23 12:30 PM,Backpack hung over the back of a chair in the restaurant was taken by unknown person,Open,23-00983,41.79511498549493,-87.59722552598652,,2023-10-10
Theft,"5727 S. University, Chicago, IL",10/10/23 5:57 PM,10/10/23 12:45 to 5:30 PM,Secured bicycle taken from bike rack,Open,23-00984,41.790920832250265,-87.59798553326897,,2023-10-10
Information / Theft from Person,"5335 S. Harper, Chicago, IL",10/10/23 9:04 PM,10/10/23 9:00 PM,Victim met unknown subject via online market place to sell laptop / Suspect grabbed laptop and fled / CPD case,CPD,2023-035918,41.79874162260143,-87.58899579237851,,2023-10-10
Information / Battery,"1164 E. 55th St., Chicago, IL",10/10/23 10:38 PM,10/10/23 10:30 PM,Person walking on the sidewalk off-campus was struck  by a paintball fired from a passing vehicle / No injuries reported / CPD case,CPD,2023-035933,41.79511498549493,-87.59722552598652,,2023-10-10
Information / Theft from Person,"5035 S. East End, Chicago, IL",10/11/23 4:35 PM,10/9/23 5:45 PM,Person standing on the sidewalk off-campus was approached by a suspect that snatched a cell phone from victim and ran to a waiting vehicle / CPD case JG457395,CPD,2023-036042,41.80312246813827,-87.58534952839977,,2023-10-11
Information / Theft,"1153 E. 56th St., Chicago, IL",10/11/23 5:55 PM,10/10/23 7:55 PM,"Unknown person took unattended, unsecured suitcase left in alley off-campus  / Referred to CPD",Referred,2023-036052,41.793191354387375,-87.59771454111552,,2023-10-11
Information / Theft,"1554 E. 55th St., Chicago, IL",10/12/23 5:04 PM,10/12/23 4:55 PM,Unknown subject took merchandise from the off-campus store without paying / Referred to CPD,Referred,2023-036175,41.7952934540188,-87.588744563006,,2023-10-12
Theft,"1100 E. 57th St., Chicago, IL",10/13/23 12:20 AM,10/12/23 to 10/13/23 4:00 PM to 12:00 AM,An electric scooter secured to a railing was taken,Open,23-00991,41.79148537051799,-87.59815254349274,,2023-10-13
Information / Theft from Motor Vehicle,"6137 S. Dorchester, Chicago, IL",10/13/23 10:03 AM,10/5/23 9:00 AM,Unknown person took catalytic converter from car parked on the street off-campus / Referred to CPD,Referred,2023-036258,41.782933363553525,-87.59132568488889,,2023-10-13
Battery,"5656 S. Maryland, Chicago, IL",10/14/23 10:12 AM,10/14/23 10:10 AM,A disturbed patient struck a CFD EMT as she was being assisted into the ER / No arrest at this time due to patient's condition,Open,23-00997,41.7921342041933,-87.60503296834287,,2023-10-14
Information / Theft,"1526 E. 55th St., Chicago, IL",10/14/23 12:40 PM,10/14/23 12:40 PM,A suspect took merchandise from the store without paying / Suspect located and detained by UCPD officer / Management declined charges,Ex. Cleared,2023-036381,41.79545685940735,-87.58927652850423,,2023-10-14
Theft,"5550 S. University, Chicago, IL",10/15/23 6:16 PM,10/13/23 to 10/14/23 2:00 PM to 9:00 AM,Two tires were taken from a bicycle secured to a bike rack,Open,23-00998,41.79413319515146,-87.59821806758379,,2023-10-15
Information / Armed Robbery,"5401 S. University, Chicago, IL",10/14/23 8:35 PM,10/14/232 7:45 PM,"Five unknown suspects, armed with handguns, took property from three victims walking on the sidewalk off-campus / CPD case",CPD,2023-036422,41.79791617133321,-87.59806769585981,,2023-10-14
Information / Armed Robbery,"5631 S. Kenwood, Chicago, IL",10/14/23 9:44 PM,10/14/23 9:25 PM,"Five unknown suspects, armed with handguns, took property from a victim walking on the sidewalk off-campus / CPD case",CPD,2023-036429,41.7929545060249,-87.59317504122868,,2023-10-14
Information / Armed Robbery,"1121 E. 54th Pl., Chicago, IL",10/14/23 10:03 PM,10/14/23 9:55 PM,"Two unknown suspects, armed with handguns took property from two victims walking on the sidewalk off-campus / CPD case",CPD,2023-036433,41.79646586292387,-87.59783486713002,,2023-10-14
Battery,"1105 E. 55th St., Chicago, IL",10/14/23 10:54 PM,10/14/23 10:45 PM,A person standing on the sidewalk was struck on the leg by a paint ball fired from a passing vehicle / Victim declined medical assistance,Open,23-00999,41.79497578112438,-87.59950810794481,,2023-10-14
Battery,"5700 S. Woodlawn, Chicago, IL",10/14/23 11:27 PM,10/14/23 10:45 PM,A person walking on the street was struck on the wrist with a paintball fired from a passing vehicle / Victim declined medical assistance,Open,23-01000,41.791388304001714,-87.59653346568075,,2023-10-14
Information / Theft from Motor Vehicle,"5328 S. Ingleside, Chicago, IL",10/15/23 7:51 AM,10/14/23 to 10/15/23 6:40 PM to 7:10 AM,Catalytic converter taken from car parked on the street off-campus / Referred to CPD,Referred,2023-036473,41.79894705411289,-87.60289106831044,,2023-10-15
Battery,"6101 S. University, Chicago, IL",10/15/23 4:42 PM,10/15/23 4:40 PM,Two unknown suspects exited a vehicle and fired paint ball pellets at a person walking on the sidewalk / Victim declined medical assistance,Open,23-01002,41.78409191637894,-87.59782954553583,,2023-10-15
Information / Theft from Person,"5344 S. Hyde Park, Chicago, IL",10/15/23 4:08 PM,10/15/23 4:00 PM,An unknown suspect snatched a cell phone from the hand of a victim walking on the sidewalk off-campus / The suspect fled to a waiting vehicle that drove off / Referred to CPD,Referred,2023-036498,41.79894953690376,-87.58411513684075,,2023-10-15
Information / Armed Robbery,"5436 S. University, Chicago, IL",10/15/23 8:03 PM,10/15/23 8:00 PM,"Two unknown subjects, armed with handguns, took property from two victims walking on the sidewalk off campus / Suspects fled to a waiting gray Kia / CPD case",CPD,2023-036520,41.797423814785134,-87.59820889553674,,2023-10-15
Information / Motor Vehicle Theft,"6117 S. University, Chicago, IL",10/16/23 4:37 PM,10/14/23 to 10/16/23 8:00 PM to 4:35 PM,2019 Jeep parked and secured on the street off-campus was taken by unknown person(s) / Referred to CPD,Referred,2023-036633,41.78381235211543,-87.59782272692377,,2023-10-16
Information / Aggravated Battery,"850 E. 63rd St., Chicago, IL",10/17/23 10:09 AM,10/17/23 10:05 AM,An unknown suspect slashed victim's ear with a knife and fled the station / CPD case JG466932,CPD,2023-036721,41.78049084255633,-87.60423327053616,,2023-10-17
Information / Theft,"1554 E. 55th St., Chicago, IL",10/17/23 11:48 AM,10/17/23 11:45 AM,An unknown subject took merchandise from the off-campus store without paying / Referred to CPD,Referred,2023-036737,41.7952934540188,-87.588744563006,,2023-10-17
Theft,"1154 E. 55th St., Chicago, IL",10/17/23 1:06 PM,10/17/23 1:00 PM,A person took merchandise from the store without paying / UCPD officer located and detained the suspect / Merchandise returned / Manager declined to prosecute,Ex. Cleared,23-01008,41.79511284537927,-87.59780877784374,,2023-10-17
Information / Aggravated Assault,"1518 E. 53rd St., Chicago, IL",10/17/23 2:41 PM,10/17/23 2:35 PM,A City parking enforcement employee was threatened by an unknown subject for writing a ticket / Suspect fled but was later located after a brief chase and arrested by CPD / Handgun recovered / CPD case JG467304,CPD,2023-036751,41.79960733126353,-87.58855032928403,,2023-10-17
Battery,"1554 E. 55th St., Chicago, IL",10/17/23 5:21 PM,10/17/23 5:21 PM,Subject struck a person inside of the store without provocation / Victim declined prosecution due to suspect's mental state / Suspect transported to UCMED for evaluation,Ex. Cleared,23-01011,41.7952934540188,-87.588744563006,,2023-10-17
Battery,"5656 S. Maryland, Chicago, IL",10/17/23 6:00 PM,10/17/23 6:15 PM,"Suspect in above incident kicked a UCM staff member while awaiting evaluation / Due to suspect's mental state, the victim declined prosecution",Ex. Cleared,23-01012,41.7921342041933,-87.60503296834287,,2023-10-17
Armed Robbery,"1314 E. 58th St., Chicago, IL",10/17/23 10:36 PM,10/17/23 10:15 PM,"Two people walking on the sidewalk were confronted by two unknown suspects, one armed with a knife. The suspects demanded and took property from the victims before entering a Kia Sportage and fleeing",Open,23-01013,41.78970445528205,-87.5942065113262,,2023-10-17
Information / Theft,"1228 E. 54th St., Chicago, IL",10/18/23 9:13 AM,10/17/23 9:40 PM,Delayed report - A person reported that a subject took cash from his wallet on the street off-campus / No force or threats made / Referred to CPD,Referred,2023-036868,41.79805645392673,-87.5956535394954,,2023-10-18
Information / Battery,"1174 E. 55th St., Chicago, IL",10/18/23 3:53 PM,10/12/23 10:00 PM,Delayed report - A person reported that unknown subjects fired paintballs from a passing vehicle striking him on the arm / No injuries reported / Referred to CPD,Referred,2023-036919,41.79511856384761,-87.5970483970591,,2023-10-18
Information / Theft,"1554 E. 55th St., Chicago, IL",10/18/23 4:16 PM,10/18/23 4:15 PM,Unknown subject took merchandise from the off-campus store without paying / Referred to CPD,Referred,2023-036921,41.7952934540188,-87.588744563006,,2023-10-18
Theft,"1155 E. 57th St., Chicago, IL",10/18/23 4:55 PM,10/11/23 2:30 PM,Theft of club property documented / Subsequent to follow-up investigation no crime occurred,Unfounded,23-01016,41.79137186379967,-87.59784005190477,,2023-10-18
Information / Theft,"1346 E. 53rd St., Chicago, IL",10/19/23 2:48 PM,10/19/23 2:40 PM,A person took merchandise from the off-campus store without paying / Referred to CPD,Referred,2023-037073,41.79955044222373,-87.59306282398296,,2023-10-19
Information / Theft,"1346 E. 53rd St., Chicago, IL",10/19/23 4:38 PM,10/19/23 2:45 PM,A person took merchandise from the off-campus store without paying / Referred to CPD,Referred,2023-037088,41.79955044222373,-87.59306282398296,,2023-10-19
Information / Robbery,"1606 E. Hyde Park, Chicago, IL",10/19/23 7:23 PM,10/19/23 6:05 PM,"Victim standing at off-campus bus stop / Two unknown suspects pushed victim, took cell phone and ran to a waiting vehicle / CPD case",CPD,2023-037112,41.80255350197075,-87.5863048754477,,2023-10-19
Theft,"1025 E. 58th St., Chicago, IL",10/19/23 7:47 PM,10/19/23 5:00 PM to 7:30 PM,Secured bicycle taken from bike rack,Open,23-01020,41.78953586418294,-87.59906074328484,,2023-10-19
Information / Armed Robbery,"5430 S. Kenwood, Chicago, IL",10/19/23 8:27 PM,10/19/23 8:20 PM,Four people walking on the sidewalk off-campus were approached by five unknown suspects who exited a dark sedan / One suspect was armed with a handgun / Suspects took victims' property before fleeing back to the car / CPD case JG470643,CPD,2023-037117,41.79713500717372,-87.59354286101257,,2023-10-19
Information / Armed Robbery,"5404 S. Kimbark, Chicago, IL",10/19/23 11:18 PM,10/19/23 11:15 PM,Two people walking on the sidewalk off-campus confronted by four suspects armed with handguns who took property from the victims before fleeing to a waiting dark sedan / CPD case,CPD,2023-037134,41.79784603876272,-87.59506588222536,,2023-10-19
Information / Armed Robbery,"5200 S. Drexel, Chicago, IL",10/19/23 11:40 PM,10/19/23 11:20 PM,Two people walking on the sidewalk off-campus confronted by five suspects armed with handguns who took property from the victims before fleeing to a waiting dark sedan / CPD case,CPD,2023-037137,41.800416014804455,-87.60401346961851,,2023-10-19
Information / Theft,"4941 S. Kimbark, Chicago, IL",10/20/23 2:55 PM,10/20/23 2:20 PM,Two unknown suspects took construction tools from a work van / Referred to CPD,Referred,2023-037226,41.805265996299454,-87.59506847924075,,2023-10-20
Information / Theft,"1554 E. 55th St., Chicago, IL",10/20/23 3:36 PM,10/20/23 2:00 PM,An unknown subject took merchandise from the off-campus store without paying / Referred to CPD,Referred,2023-037230,41.7952934540188,-87.588744563006,,2023-10-20
Information / Armed Robbery,"5100 S. Drexel, Chicago, IL",10/22/23 12:41 AM,10/22/23 12:30 AM,Two people walking on the sidewalk off-campus were confronted by two unknown suspects armed with handguns / Suspects took property and fled in a waiting van / CPD report,CPD,2023-037395,41.80158342072997,-87.6040464619274,,2023-10-22
Information / Battery,"5514 S. Blackstone, Chicago, IL",10/22/23 12:55 AM,10/22/23 12:50 AM,"While walking with a group of people off-campus, two people were struck by paintballs fired from a passing vehicle / Medical attention declined / CPD case",CPD,2023-037398,41.7945446883931,-87.59039905133164,,2023-10-22
Information / Theft,"4801 S. Woodlawn, Chicago, IL",10/23/23 9:08 AM,10/23/23 8:45 AM to 8:55 AM,Unknown person(s) took tools from an unattended work van parked off-campus / Referred to CPD,Referred,2023-037565,41.80777091185638,-87.59672251511995,,2023-10-23
Information / Theft,"1554 E. 55th St., Chicago, IL",10/23/23 1:59 PM,10/23/23 1:59 PM,Two unknown subjects took merchandise from the off-campus store without paying / Referred to CPD,Referred,2023-037605,41.7952934540188,-87.588744563006,,2023-10-23
Theft,"5751 S. Woodlawn, Chicago, IL",10/23/23 2:59 PM,10/23/23 1:00 PM to 2:55 PM,"Unattended, unsecured skateboard taken",Open,23-01027,41.79066420506126,-87.59636264506929,,2023-10-23
Theft,"5730 S. Ellis, Chicago, IL",10/23/23 5:05 PM,10/23/23 12:00 PM to 5:00 PM,Secured electric scooter taken from bike rack,Open,23-01028,41.79080003328852,-87.60136349415598,,2023-10-23
Domestic Battery,"5730 S. Drexel, Chicago, IL",10/24/23 9:54 AM,10/24/23 9:30 AM,Ex-boyfriend and girlfriend involved in domestic argument that became physical / Prosecution declined,Ex. Cleared,23-01031,41.791238431653255,-87.6038150595067,,2023-10-24
Domestic Battery,"6000 S. Kimbark, Chicago, IL",10/24/23 10:08 PM,10/24/23 9:50 PM,"As a result of a domestic argument, boyfriend battered girlfriend / Victim declined prosecution",Ex. Cleared,23-01034,41.78600697628906,-87.59478840076997,,2023-10-24
Battery,"1100 E. 57th St., Chicago, IL",10/26/23 8:46 AM,10/26/23 8:46 AM,Three individuals were involved in a physical altercation / Incident involved mutual combatants and no charges were filed,Closed,23-01038,41.79148537051799,-87.59815254349274,,2023-10-26
Information / Theft from Person,"1600 E. 55th St., Chicago, IL",10/26/23 8:49 PM,10/26/23 8:45 PM,Unknown suspect snatched cell phone from the hand of a person standing on the sidewalk off-campus / Referred to CPD,Referred,2023-038129,41.79525006508027,-87.58654714268039,,2023-10-26
Information / Theft from Motor Vehicle,"5436 S. Kimbark, Chicago, IL",10/27/23 4:19 AM,10/27/23 4:15 AM,Three unknown suspects took catalytic converter from a vehicle parked off-campus / Referred to CPD,Referred,2023-038185,41.79691652309919,-87.59504403931157,,2023-10-27
Information / Theft,"1554 E. 55th St., Chicago, IL",10/27/23 2:12 PM,10/27/23 2:10 PM,Unknown person took merchandise from the off-campus store without paying / Referred to CPD,Referred,2023-038262,41.7952934540188,-87.588744563006,,2023-10-27
Theft,"6031 S. Ellis, Chicago, IL",10/27/23 2:21 PM,10/12/23 11:20 AM,Parcel delivered to loading dock was taken by unknown person,Open,23-01042,41.78535247451697,-87.60110174010714,,2023-10-27
Information / Theft from Person,"5035 S. East End, Chicago, IL",10/27/23 5:23 PM,10/25/23 5:30 PM,Delayed Report - Person reported an unknown person snatched a cell phone from their hand two days previously while off-campus / Reported to CPD,CPD,2023-038288,41.80312246813827,-87.58534952839977,,2023-10-27
Theft,"5758 S. Maryland, Chicago, IL",10/28/23 6:26 PM,10/19/23 9:35 AM to 1:00 PM,"Cash taken from an unattended, unsecured wallet",Open,23-01051,41.79005687751072,-87.6050118634646,,2023-10-28
Information / Theft from Person,"1526 E. 53rd St., Chicago, IL",10/28/23 6:23 PM,10/28/23 6:05 PM,Unknown suspect snatched a cell phone from the hand of a person standing on the sidewalk off-campus and fled on foot / Referred to CPD,Referred,2023-038412,41.79961059734836,-87.58834293219098,,2023-10-28
Information / Theft,"5505 S. Harper, Chicago, IL",10/31/23 5:39 PM,10/31/23 3:30 PM to 5:30 PM,Scooter secured to a light pole off-campus was taken by unknown person(s) / Referred to CPD,Referred,2023-038843,41.79498015110539,-87.58835906484632,,2023-10-31
Information / Battery,"5200 S. Lake Park, Chicago, IL",10/31/23 9:23 PM,10/31/23 9:20 PM,Two individuals walking on the sidewalk off-campus were struck by a group of teens / Both victims declined medical attention / Referred to CPD,Referred,2023-038885,41.80096768529279,-87.58756060999337,,2023-10-31
Information / Theft,"1554 E. 55th St., Chicago, IL",11/1/23 1:42 PM,11/1/23 1:35 PM,An unknown subject took merchandise from the off-campus store without paying / Referred to CPD,Referred,2023-038977,41.7952934540188,-87.588744563006,,2023-11-01
Theft,"1156 E. 61st St., Chicago, IL",11/1/23 1:50 PM,10/27/23 12:20 PM to 12:40 PM,Unsecured Divvy bicycle left at the entrance to the building was taken,Open,23-01062,41.78420790800237,-87.59744739983933,,2023-11-01
Information / Theft,"1554 E. 55th St., Chicago, IL",11/1/23 2:15 PM,11/1/23 2:10 PM,An unknown subject took merchandise from the off-campus store without paying / Referred to CPD,Referred,2023-038981,41.7952934540188,-87.588744563006,,2023-11-01
Information / Robbery,"5421 S. Cornell, Chicago, IL",11/1/23 8:28 PM,11/1/23 8:25 PM,Three unknown suspects struck victim walking on the sidewalk off-campus and took a cell phone before fleeing on foot / Referred to CPD,Referred,2023-039023,41.79748546577224,-87.5853898041139,,2023-11-01
Theft,"5700 S. Maryland, Chicago, IL",11/2/23 10:40 PM,10/24/23 to 10/25/23 10:00 PM to 9:00 AM,Cell phone taken from patient's room,Open,23-01070,41.79039920081431,-87.6050172122317,,2023-11-02
Information / Battery,"5035 S. East End, Chicago, IL",11/3/23 9:34 PM,11/3/23 9:30 PM,Person walking in hallway of off-campus building was battered by three unknown suspects / Referred to CPD,Referred,2023-039294,41.80312246813827,-87.58534952839977,,2023-11-03
Theft,"5730 S. Drexel, Chicago, IL",11/4/23 11:14 AM,6/4/23 to 11/4/23 11:15 AM to 11:00 AM,"Unattended, unsecured bag containing personal items taken from room",Open,23-01076,41.791238431653255,-87.6038150595067,,2023-11-04
Information / Theft from Person,"1606 E. Hyde Park, Chicago, IL",11/4/23 3:47 PM,6/4/23 3:40 PM,An unknown suspect snatched a cell phone from the hand of a person standing at a bus stop off campus / Suspect fled to a waiting dark colored vehicle / Referred to CPD,Referred,2023-039379,41.80255350197075,-87.5863048754477,,2023-11-04
Theft from Motor Vehicle,"5630 S. University, Chicago, IL",11/4/23 4:02 PM,10/28/23 to 11/4/23 3:00 PM to 11:00 AM,Catalytic converter taken from vehicle parked on the street,Open,23-01077,41.7926673662534,-87.59818172549905,,2023-11-04
Information / Attempt Theft,"5300 S. Hyde Park, Chicago, IL",11/4/23 4:21 PM,11/4/23 3:30 PM,A person reported that an unknown subject attempted to take his cell phone but failed to do so / Suspect fled on foot / Referred to CPD,Referred,2023-039384,41.799560582249285,-87.58413187346667,,2023-11-04
Information / Robbery,"5345 S. Hyde Park, Chicago, IL",11/4/23 4:44 PM,11/4/23 3:50 PM,An unknown suspect pushed a victim standing at the bus stop and forcibly took the victim's cell phone before fleeing to a waiting vehicle / CPD case JG491531,CPD,2023-039386,41.79895171573634,-87.58396145053928,,2023-11-04
Information /  Armed Robbery,"1534 E. 59th St., Chicago, IL",11/4/23 10:36 PM,11/4/23 10:25 PM,Two unknown suspects armed with a handgun took property from a victim walking on the street off-campus / Referred to CPD,Referred,2023-039428,41.787942474363376,-87.58810235547111,,2023-11-04
Information / Theft from Motor Vehicle,"5600 S. Stony Island, Chicago, IL",11/5/23 11:21 AM,11/5/23  8:45 AM to 11:15 AM,Catalytic converter taken from car parked on the street off-campus / Referred to CPD,Referred,2023-039482,41.79332644638487,-87.58671868806886,,2023-11-05
Theft,"5020 S. Cornell, Chicago, IL",11/5/23 1:44 PM,11/5/23 1:00 PM to 1:20 PM,Wallet taken from purse that was hung over the back of a chair in the cafï¿½,Open,23-10180,41.80410203351164,-87.5865531306531,,2023-11-05
Information / Theft from Person,"1528 E. 55th St., Chicago, IL",11/5/23 1:22 PM,11/5/23 12:00 PM,Unknown person picked victim's pocket and took wallet / Unauthorized attempt to use debit card reported / Referred to CPD,Referred,2023-039492,41.79545466958325,-87.5892732437689,,2023-11-05
Assault,"5721 S. Maryland, Chicago, IL",11/5/23 1:54 PM,11/5/23 1:54 PM,"Visitor made verbal threat to UCM staff member / Suspect was detained, but victim declined prosecution",Ex. Cleared,23-01081,41.79028249316275,-87.60486168542639,,2023-11-05
Theft,"5700 S. Maryland, Chicago, IL",11/5/23 3:27 PM,11/5/23 12:25 PM to 3:00 PM,"Purse taken from unsecured, unoccupied parked vehicle",Open,23-01082,41.79039920081431,-87.6050172122317,,2023-11-05
Information / Motor Vehicle Theft,"5308 S. Hyde Park, Chicago, IL",11/5/23 5:45 PM,11/5/23 5:00 PM to 5:20PM,Secured 2016 Maserati parked on the street off-campus was taken by unknown suspect(s) / CPD case JG492767,CPD,2023-039505,41.7994494509183,-87.584128505862,,2023-11-05
Domestic Battery,"5700 S. Maryland, Chicago, IL",11/7/23 3:46 PM,11/7/23 3:40 PM,Boyfriend and girlfriend involved in an argument that turned physical / Suspect fled before police were notified,Open,23-01089,41.79039920081431,-87.6050172122317,,2023-11-07
Theft,"6050 S. Woodlawn, Chicago, IL",11/8/23 4:37 PM,11/8/23 3:10 PM,Unknown subject took unsecured Divvy bike,Open,23-01091,41.784641902555,-87.59637622614196,,2023-11-08
Information / Motor Vehicle Theft,"6115 S. University, Chicago, IL",11/8/23 8:57 PM,11/7/23 to 11/8/23 1:00 PM to 8:00 AM,2002 Toyota Camry taken from the street off-campus / Referred to CPD,Referred,23-01095,41.78384729764849,-87.5978235792503,,2023-11-08
Theft,"5505 S. Ellis, Chicago, IL",11/9/23 4:03 PM,11/9/23 12:20 PM to 2:00 PM,Electric Scooter secured to bike rack was taken,Open,23-01098,41.79489169097832,-87.60128906330357,,2023-11-09
Theft,"5730 S. Ellis, Chicago, IL",11/9/23 4:15 PM,11/9/23 12:30 PM to 1:45 PM,Electric Scooter secured to bike rack was taken,Open,23-01099,41.79080003328852,-87.60136349415598,,2023-11-09
Motor Vehicle Theft,"5730 S. Drexel, Chicago, IL",11/10/23 4:47 AM,11/10/23 2:00 AM to 4:45 AM,A 2007 Hyundai Sonata was taken by unknown person(s) / It was later determined that the vehicle was taken by a relative without notice / No theft occurred,Unfounded,23-01101,41.791238431653255,-87.6038150595067,,2023-11-10
Information / Theft from Person,"5600 S. Stony Island, Chicago, IL",11/10/23 12:48 PM,11/10/23 12:45 PM,An unknown suspect snatched a phone from the hand of a person walking on the sidewalk off-campus and fled to a waiting vehicle / Referred to CPD,Referred,2023-040199,41.79332644638487,-87.58671868806886,,2023-11-10
Information / Attempted Armed Robbery,"5400 S. Ridgewood Ct., Chicago, IL",11/12/23 12:13 PM,11/11/23 6:45 PM,"Delayed Report - Two unknown suspects, one armed with a handgun, attempted to take property from a person walking on the sidewalk off-campus / Suspects did not take property and fled to a waiting vehicle / Referred to CPD",Referred,2023-040420,41.79797666651399,-87.59269098628005,,2023-11-12
Information / Theft,"1554 E. 55th St., Chicago, IL",11/13/23 5:58 AM,11/13/23 5:55 AM,Two unknown suspects took merchandise from the off-campus store without paying / Referred to CPD,Referred,2023-040506,41.7952934540188,-87.588744563006,,2023-11-13
Information / Theft,"1000 E. 53rd St., Chicago, IL",11/14/23 10:25 AM,11/14/23 10:00 AM,Two unknown suspects were observed taking mail from off-campus building mail boxes / Referred to CPD,Referred,2023-040734,41.79946045399441,-87.60122840924629,,2023-11-14
Information / Theft,"6100 S. Blackstone, Chicago, IL",11/14/23 1:31 PM,11/14/23 12:30 PM to 1:30 PM,Unknown person(s) smashed window of vehicle parked off-campus and took tools / Referred to CPD,Referred,2023-040753,41.78388198511652,-87.59037351008953,,2023-11-14
Information / Theft,"4801 S. Woodlawn, Chicago, IL",11/14/23 2:12 PM,11/14/23 1:50 PM,Unknown subject damaged door of victim's work vehicle parked on the street off-campus and took tools / Referred to CPD,Referred,2023-040761,41.80777091185638,-87.59672251511995,,2023-11-14
Theft,"5751 S. Woodlawn, Chicago, IL",11/14/23 3:53 PM,11/14/23 3:00 PM to 3:50 PM,"Unattended, unsecured bookbag placed under table was taken by unknown person",Open,23-01115,41.79066420506126,-87.59636264506929,,2023-11-14
Criminal Sexual Assault,"1156 E. 61st St., Chicago, IL",11/15/23 11:23 AM,11/3/2023  time not specified,"DSS was notified by a Campus Security Authority that an undisclosed victim reported she was sexually assaulted by an acquaintance / Due to confidentiality of reporting, limited information is available regarding this incident.",No Investigation Referred to Title IX Coordinator,CSA Report    23-020,41.78420790800237,-87.59744739983933,,2023-11-15
Information / Theft,"1528 E. 55th St., Chicago, IL",11/15/23 9:01 PM,11/15/23 9:00 PM,"Unattended, unsecured Divvy bike taken / Referred to CPD",Referred,2023-040973,41.79545466958325,-87.5892732437689,,2023-11-15
Information / Aggravated Assault,"4547 S. Drexel, Chicago, IL",11/16/23 11:02 PM,11/16/23 10:45 PM,Unknown suspects fired shots in the direction of a person driving a vehicle off-campus / No injuries reported / Two unoccupied vehicles damaged by gunfire / CPD case JG507254,CPD,2023-041098,41.81234896057782,-87.60387773328415,,2023-11-16
Aggravated Robbery,"6001 S. Cottage Grove, Chicago, IL",11/17/23 6:42 AM,11/17/23 6:05 AM,"Two unknown suspects confronted victim on the sidewalk, pressed an object to his back and demanded the victim's wallet / Suspects took wallet and fled on foot",Open,23-01123,41.78529516424936,-87.60595888670235,,2023-11-17
Theft,"6090 S. Blackstone, Chicago, IL",11/17/23 3:24 PM,11/14/23 11:00 AM to 1:00 PM,"Window smashed in secured, unoccupied vehicle parked on the street / Power tools were taken",Open,23-01126,41.78392983624951,-87.590373945095,,2023-11-17
Armed Robbery,"1427 E. 60th St., Chicago, IL",11/17/23 5:57 PM,11/17/23 5:50 PM,"Two unknown suspects, one armed with a handgun, took property from a person before fleeing to a waiting vehicle",Open,23-01128,41.78604386434432,-87.59113719099213,,2023-11-17
Information / Theft from Person,"1500 E. 55th St., Chicago, IL",11/18/23 6:29 PM,11/18/23 6:20 PM,Unknown suspect snatched purse from a victim walking off-campus and fled to a waiting vehicle / Referred to CPD,Referred,2023-041316,41.7954853271209,-87.58931923006287,,2023-11-18
Motor Vehicle Theft,"5225 S. Cottage Grove, Chicago, IL",11/19/23 9:58 AM,11/19/23 6:55 AM,An unknown suspect took a 2001 Toyota 4-Runner parked on the street off-campus,Open,23-01133,41.79996205892854,-87.60626703033262,,2023-11-19
Information / Theft from Person,"1617 E. Hyde Park, Chicago, IL",11/19/23 4:47 PM,11/19/23 4:05 PM,Unknown suspect snatched phone from the hand of a person standing on the sidewalk off-campus / Referred to CPD,Referred,2023-041436,41.80243629457232,-87.58636056471141,,2023-11-19
Information / Theft,"1554 E. 55th St., Chicago, IL",11/20/23 10:27 AM,11/20/23 10:25 AM,Two unknown subjects took merchandise from the off-campus store without paying / Referred to CPD,Referred,2023-041543,41.7952934540188,-87.588744563006,,2023-11-20
Information / Theft,"6349 S. Cottage Grove, Chicago, IL",11/20/23 11:52 AM,11/20/23 10:30 AM to 11:15 AM,Electric scooter secured to a fence off-campus was taken by unknown person / Referred to CPD,Referred,2023-041550,41.779288339594416,-87.60582592636592,,2023-11-20
Information / Theft,"1554 E. 55th St., Chicago, IL",11/20/23 1:53 PM,11/20/23 1:05 PM,Suspect took merchandise from the off-campus store without paying / Suspect located and detained by UCPD officer / Management declined to prosecute,Closed,2023-041561,41.7952934540188,-87.588744563006,,2023-11-20
Domestic Battery,"5721 S. Maryland, Chicago, IL",11/21/23 4:37 PM,11/21/23 4:35 PM,One domestic partner struck the other / Suspect arrested by UCPD officers,Arrest,23-01140,41.79028249316275,-87.60486168542639,,2023-11-21
Battery,"5656 S. Maryland, Chicago, IL",10/15/23 1:51 AM,10/15/23 1:40 AM,A non-compliant patient struck a CFD EMT while being transferred into UCMED,Open,23-01141,41.7921342041933,-87.60503296834287,,2023-10-15
Theft,"1554 E. 55th St., Chicago, IL",11/22/23 1:49 PM,11/22/23 1:45 PM,Subject took merchandise from the off-campus store without paying / Suspect located and detained by UCPD officer / Merchandise returned / Management declined prosecution,Ex. Cleared,23-01145,41.7952934540188,-87.588744563006,,2023-11-22
Domestic Battery,"1101 E. Hyde Park, Chicago, IL",11/24/23 12:39 AM,11/24/23 12:35 AM,"During the course of a domestic argument, Boyfriend struck girlfriend / Suspect located and detained by UCPD / Victim declined prosecution",Ex. Cleared,23-01149,41.80227995914981,-87.59894966025661,,2023-11-24
Battery,"5656 S. Maryland, Chicago, IL",11/24/23 12:51 PM,11/24/23 8:50AM,A disruptive patient spit and bit two UCM staff members while being restrained / Victims declined prosecution,Ex. Cleared,23-01152,41.7921342041933,-87.60503296834287,,2023-11-24
Information / Theft,"1554 E. 55th St., Chicago, IL",11/24/23 3:26 PM,11/24/23 3:20 PM,An unknown subject took merchandise from the off-campus store without paying / Referred to CPD,Referred,2023-042028,41.7952934540188,-87.588744563006,,2023-11-24
Information / Theft,"5487 S. Hyde Park, Chicago, IL",11/25/23 9:04 PM,11/21/23 to 11/25/23 10:00 AM to 9:00 PM,Unknown person(s) smashed window of vehicle parked on the street off-campus and took various items from the vehicle / Referred to CPD,Referred,2023-042170,41.79561004903866,-87.58388074361699,,2023-11-25
Information / Armed Robbery,"1165 E. 54th St., Chicago, IL",11/26/23 2:49 PM,11/26/23 2:35 PM,"Three unknown suspects, one armed with a handgun, exited vehicle, demanded and took property from two victims walking on the sidewalk off-campus / Suspects returned to vehicle and drove off",CPD,2023-042236,41.796474862890136,-87.59725491415497,,2023-11-26
Information / Armed Robbery,"5400 S. Kenwood, Chicago, IL",11/27/23 4:19 PM,11/27/23 12:20 PM,"Victim walking on the sidewalk off-campus was approached by two unknown suspects, one armed with a handgun / Suspects demanded and took cell phone before returning to a waiting grey Jeep / Referred to CPD",Referred,2023-042356,41.798034864244016,-87.59348703173322,,2023-11-27
Information / Theft,"1554 E. 55th St., Chicago, IL",11/28/23 1:33 PM,11/28/23 1:30 PM,An unknown suspect took merchandise from the off-campus store without paying / Referred to CPD,Referred,2023-042490,41.7952934540188,-87.588744563006,,2023-11-28
Information / Theft,"707 E. 37th St., Chicago, IL",11/28/23 3:49 PM,11/27/23 3:30 PM,Report documenting the behavior of a parent on school grounds after school,Closed,23-01164,41.82657985839535,-87.60946105839218,,2023-11-28
Theft,"5812 S. Ellis, Chicago, IL",11/28/23 5:00 PM,11/28/23 12:30 PM to 4:30 PM,Wallet taken by unknown person / Subsequent unauthorized use of credit card reported,Open,23-01166,41.78933846713261,-87.60133433918554,,2023-11-28
Information / Theft from Motor Vehicle,"5500 S. Shore Dr., Chicago, IL",11/28/23 9:34 PM,11/28/23 9:30 PM,Catalytic converter taken from 2010 Lexis parked on the street off-campus / Referred to CPD,Referred,2023-042548,41.79522287754912,-87.58052778134282,,2023-11-28
Battery,"1111 E. 60th St., Chicago, IL",11/29/23 10:53 AM,11/27/23 6:30 PM,Victim reported an acquaintance grabbed her buttocks while they were walking behind the law school,Open,23-01169,41.7858917476878,-87.59939528309383,,2023-11-29
Information / Theft,"1228 E. 53rd St., Chicago, IL",11/29/23 10:14 AM,11/29/23 10:00 AM,An unknown suspect took Divvy bike from a person in the off-campus parking lot and rode off / Referred to CPD,Referred,2023-042604,41.79951602876639,-87.59614963880938,,2023-11-29
Assault,"5656 S. Maryland, Chicago, IL",11/30/23 12:50 PM,11/30/23 12:50 PM,A visitor threatened a staff member with bodily harm and was arrested by UCPD officer,Arrest,23-01174,41.7921342041933,-87.60503296834287,,2023-11-30
Battery,"6300 S. University, Chicago, IL",11/30/23 2:23 PM,11/28/23 1:35 PM,Student battered by another student / Suspect was arrested on 12/1/23,Arrest,23-01176,41.78045407997172,-87.59732203570559,,2023-11-30
Information / Theft from Motor Vehicle,"5480 S. Cornell, Chicago, IL",12/1/23 11:59 AM,12/1/23 9:40 AM to 11:15 AM,Unknown person smashed window in car parked on the street off-campus and took property / Referred to CPD,Referred,2023-042827,41.79574796690156,-87.585501474765465,,2023-12-01
Battery,"6300 S. University, Chicago, IL",12/1/23 2:43 PM,12/1/23 2:43 PM,Three students involved in a fight / School administration to handle discipline,Ex. Cleared,23-01180,41.78045407997172,-87.59732203570559,,2023-12-01
Information / Motor Vehicle Theft,"1150 E. 55th St., Chicago, IL",12/2/23 11:58 AM,12/2/23 11:30 AM,Food delivery driver left vehicle unlocked with engine running / Car taken by unknown suspect(s) / Referred to CPD,Referred,2023-042971,41.795106637225786,-87.59802295951897,,2023-12-02
Theft from Motor Vehicle,"5500 S. University, Chicago, IL",12/2/23 5:42 PM,11/26/23 to 11/27/23 11:00 PM to11:00 PM,Catalytic converter taken from vehicle parked on the street,Open,23-01186,41.79501825290709,-87.59819830175002,,2023-12-02
Information / Armed Robbery,"1262 E. 46th St., Chicago, IL",12/3/23 1:15 AM,12/3/23 1:10 AM,"Three unknown suspects, armed with handguns, took property from a victim walking on the sidewalk off-campus / CPD case",CPD,2023-043061,41.81101295449662,-87.59545412985312,,2023-12-03
Information / Armed Robbery,"5300 S. Harper, Chicago, IL",12/3/23 2:28 AM,12/3/23 1:35 AM,"An unknown suspect, armed  with a handgun, demanded and took property from a person on the street off-campus / Suspect fled in a waiting vehicle / CPD case JG526621",CPD,2023-043070,41.7991466880427,-87.58915851924507,,2023-12-03
Domestic Battery,"6030 S. Harper, Chicago, IL",12/3/23 9:50 AM,12/3/23 9:45 AM,Boyfriend struck girlfriend and was arrested by UCPD officers,Arrest,23-01187,41.784891068512536,-87.58822158859857,,2023-12-03
Information / Attempt Robbery,"1401 E. 56th St., Chicago, IL",12/4/23 12:05 PM,12/4/23 12:00 PM,Three unknown suspects exited a vehicle and attempted to take property from a victim walking on the sidewalk off-campus / Victim fled / Suspects fled without taking property / CPD case JG528175,CPD,2023-043221,41.79327086312543,-87.59156241999011,,2023-12-04
Theft,"5620 S. Ellis, Chicago, IL",12/4/23 2:18 PM,10/4/23 to 12/4/23 9:00 AM to 2:00 PM,2 heavy-duty storage shelves taken,Open,23-01193,41.79280520478829,-87.60141255916147,,2023-12-04
Information / Theft,"6101 S. Kenwood, Chicago, IL",12/4/23 2:49 PM,12/1/23 to 12/4/23 6:00 PM to 1:00 PM,License plate taken from vehicle parked on the street off-campus / Referred to CPD,Referred,2023-043236,41.78412716288437,-87.59304713230256,,2023-12-04
Information / Theft,"5500 S. Shore, Chicago, IL",12/5/23 10:43 AM,12/3/23 to 12/5/23 2:00 PM to 7:40 AM,Victim reported two rings taken from off-campus private apartment / Referred to CPD,Referred,2023-043346,41.79522287754912,-87.58052778134282,,2023-12-05
Battery,"5801 S. Ellis, Chicago, IL",12/5/23 1:40 PM,10/19/23 12:25 PM,Delayed report - Unknown subject grabbed sign from protester during a demonstration causing injury to victim's hand,Open,23-01199,41.789553508174265,-87.60118326456757,,2023-12-05
Theft from Motor Vehicle,"914 E. 56th St., Chicago, IL",12/5/23 3:01 PM,12/5/23 5:40 AM to 2:30 PM,Catalytic converter taken from 2013 Kia Soul parked on the street,Open,23-01201,41.79325045514969,-87.60281762078199,,2023-12-05
Battery,"5700 S. Maryland, Chicago, IL",12/5/23 5:02 PM,12/5/23 5:00 PM,"As a result of a verbal argument, one visitor struck another visitor in patient's room",Open,23-01203,41.79039920081431,-87.6050172122317,,2023-12-05
Theft,"900 E. 57th St. Knapp Center), Chicago, IL",12/6/23 11:56 AM,12/6/23 8:00 AM to 11:35 AM,Wallet was taken from victim's bookbag / Unauthorized use of credit card reported,Open,23-01206,41.79142345551048,-87.60366291896173,,2023-12-06
Information / Attempt Theft,"4947 S. Kimbark, Chicago, IL",12/7/23 9:26 AM,12/7/23 9:20 AM,An unknown suspect attempted to take worker's camera equipment from front yard of off-campus residence / Owner confronted suspect who fled without the property / Referred to CPD,Referred,2023-043619,41.80516216836884,-87.59506693616959,,2023-12-07
Theft,"821 E. 63rd St., Chicago, IL",12/7/23 12:06 PM,12/7/23 12:06 PM,Person took merchandise from an off-campus store without paying / UCPD officer located and detained the suspect / Al l merchandise returned and owner declined prosecution,Ex. Cleared,23-01211,41.78035661841608,-87.60562248273101,,2023-12-07
Assault,"1228 E. 53rd St., Chicago, IL",12/7/23 7:14 PM,12/7/23 7:05 PM,"Suspect confronted victim, swung his fist and attempted to strike victim / Suspect arrested by UCPD officer",Arrest,23-01213,41.79951602876639,-87.59614963880938,,2023-12-07
Information / Theft,"5228 S.  Lake Park, Chicago, IL",12/8/23 10:12 AM,12/8/23 10:08 AM,A known subject took merchandise from the off-campus store and fled / CPD case JG533127,CPD,2023-043786,41.80058330960611,-87.58749463922226,,2023-12-08
Theft,"5721 S. Maryland, Chicago, IL",12/8/23 8:29 PM,12/8/23 6:00 AM to 1:00 PM,"Unsecured, unattended bookbag taken from 3rd floor room",Open,23-01220,41.79028249316275,-87.60486168542639,,2023-12-08
Theft,"5530 S. Ellis, Chicago, IL",12/9/23 9:36 AM,12/8/23 6:30 AM to 7:00 PM,The front license plate was taken from a vehicle parked on the street,Open,23-01224,41.79444356299348,-87.6014480073706,,2023-12-09
Theft,"5700 S. Maryland, Chicago, IL",12/9/23 3:57 PM,12/9/23 6:50 AM to 9:40 AM,"An unattended, unsecured bag was taken from a locker room",Open,23-01226,41.79039920081431,-87.6050172122317,,2023-12-09
Theft from Motor Vehicle,"1140 E. 61st St., Chicago, IL",12/10/23 1:59 PM,12/8/23 to 12/10/23 2:00 PM to 1:55 PM,Catalytic converter taken from 2004 Acura parked on the street,Open,23-01229,41.78420594219688,-87.59755748526658,,2023-12-10
Theft,"850 E. 61st St., Chicago, IL",12/10/23 7:35 PM,12/10/23 6:20 PM,"A person was observed taking items from a package / Subject located, but did not have possession of items /  Suspect issued a trespass warning",Open,23-01230,41.78412445687599,-87.60566276117453,,2023-12-10
Motor Vehicle Theft,"1210 E. 60th St., Chicago, IL",12/12/23 6:21 PM,12/12/23 4:55 AM,A parked and secured 2022 Dodge Durango taken by unknown persons,Open,23-01232,41.78609168361305,-87.59611311149541,,2023-12-12
Theft,"5700 S. Maryland, Chicago, IL",12/12/23 7:43 PM,12/12/23 7:00 PM to 7:20 PM,A visitor fell asleep sitting in the lobby and unknown person took his cell phone from the chair / Follow-up investigation revealed that the cell phone was found and returned to the owner / No theft occurred,Unfounded,23-01233,41.79039920081431,-87.6050172122317,,2023-12-12
Information / Armed Robbery,"5141 S. Greenwood, Chicago, IL",12/12/23 9:48 PM,12/12/23 9:30 PM,"A person walking on the sidewalk off-campus was approached from the rear by an unknown suspect who struck the victim, took a cell phone and fled on foot / CPD case",CPD,2023-044398,41.80173081339092,-87.59971495398565,,2023-12-12
Information / Aggravated Robbery,"5000 S. East End, Chicago, IL",12/12/23 10:42 PM,12/12/23 10:35 PM,A person walking on the sidewalk off-campus was approached from behind by an unknown suspect who placed an object to the victim's back and took property from the victim before fleeing on foot / CPD case,CPD,2023-044410,41.80431224242267,-87.58552639933367,,2023-12-12
Theft,"1100 E. 57th St., Chicago, IL",12/13/23 7:30 PM,12/13/23 12:00 PM to 6:30 PM,"Items placed inside of secured locker taken by unknown person / Subsequent to follow up investigation, it was discovered the complainant used another locker / Items were recovered by victim / No crime occurred",Unfounded,23-01236,41.79148537051799,-87.59815254349274,,2023-12-13
Information / Theft,"5841 S. Blackstone, Chicago, IL",12/15/23 2:40 PM,12/15/23 2:35 PM,Two unknown suspects smashed window of vehicle parked on the street off-campus and took tools / Referred to CPD,Referred,2023-044719,41.78868730876627,-87.59011410511658,,2023-12-15
Information / Armed Robbery,"1526 E. 55th St., Chicago, IL",12/16/23 7:03 AM,12/16/23 6:45 AM,Victim walking in the off-campus parking lot was approached by an unknown person armed with a handgun who demanded victim's property / Suspect took victim's cell phone and wallet before fleeing on foot / CPD case JG542755,CPD,2023-044808,41.79545685940735,-87.58927652850423,,2023-12-16
Information / Theft,"1642 E. 56th St., Chicago, IL",12/16/23 3:29 PM,12/16/23 1:55 PM,"Unattended, unsecured purse taken / Referred to CPD",Referred,2023-044858,41.79346645411079,-87.58473306786408,,2023-12-16
Information / Domestic Battery,"850 E. 63rd St., Chicago, IL",12/16/23 8:12 PM,12/16/23 8:12 PM,"During a domestic argument off-campus, boyfriend struck girlfriend and drove off in girlfriend's car / CPD case",CPD,2023-044889,41.78049084255633,-87.60423327053616,,2023-12-16
Information / Theft,"1554 E. 55th St., Chicago, IL",12/18/23 4:34 PM,12/18/23 12/18/23 4:30 PM,Known subject took merchandise from the off-campus store without paying / Referred to CPD,Referred,2023-045085,41.7952934540188,-87.588744563006,,2023-12-18
Information / Theft,"1554 E. 55th St., Chicago, IL",12/19/23 8:34 AM,12/19/23 8:25 AM,An unknown subject took merchandise from the off-campus store without paying / Referred to CPD,Referred,2023-045167,41.7952934540188,-87.588744563006,,2023-12-19
Information / Theft,"1554 E. 55th St., Chicago, IL",12/19/23 1:27 PM,12/19/23 1:20 PM,Known suspect took merchandise from the off-campus store without paying / Referred to CPD,Referred,2023-045198,41.7952934540188,-87.588744563006,,2023-12-19
Theft,"5535 S. Ellis, Chicago, IL",12/19/23 2:18 PM,12/1/23 to 12/4/23 5:30 PM to 9:00 AM,Laptop taken from unsecured office,Open,23-01242,41.794376448279706,-87.6012926522572,,2023-12-19
Theft,"1100 E. 57th St., Chicago, IL",12/20/23 8:31 PM,12/20/23 9:00 AM to 8:00 PM,Secured bicycle taken from bike rack,Open,23-01244,41.79148537051799,-87.59815254349274,,2023-12-20
Battery,"5700 S. Maryland, Chicago, IL",12/21/23 2:52 PM,12/15/23 7:00 PM,Battery of patient documented,Open,23-01247,41.79039920081431,-87.6050172122317,,2023-12-21
Information / Theft,"1554 E. 55th St., Chicago, IL",12/26/23 10:04 AM,12/26/23 10:00 AM,An unknown subject took merchandise from the off-campus store without paying / Referred to CPD,Referred,2023-045991,41.7952934540188,-87.588744563006,,2023-12-26
Information / Theft,"5604 S. Woodlawn, Chicago, IL",12/26/23 2:55 PM,12/26/23 2:10 PM to 2:30 PM,Unknown person(s) broke window of work van parked on the street and took worker's tools / Referred to CPD,Referred,2023-046023,41.79316446258406,-87.59657361414423,,2023-12-26
Theft,"5815 S. Maryland, Chicago, IL",12/26/23 4:57 PM,12/23/23 6:00 PM to 6:02 PM,"Unattended, unsecured bag left on a bench was taken by unknown person",Open,23-01264,41.78922352372791,-87.60487504097614,,2023-12-26
Theft,"924 E. 61st St., Chicago, IL",12/27/23 4:16 PM,12/22/23 to 12/27/23 2:00 PM to 10:00 AM,Package left on exterior steps of apartment building was taken by unknown person,Open,23-01268,41.78414479645238,-87.6034523775599,,2023-12-27
Theft,"1554 E. 55th St., Chicago, IL",12/28/23 11:15 AM,12/28/23 11:15 AM,A subject took merchandise from the store without paying / UCPD officers located and detained the subject / Stolen items returned to the store / Management declined prosecution,Ex. Cleared,23-01270,41.7952934540188,-87.588744563006,,2023-12-28
Battery,"5656 S. Maryland, Chicago, IL",12/28/23 10:44 PM,12/28/23 10:44 PM,A disturbed patient struck a UCM staff member several times and was arrested by UCPD officer,Arrest,23-01274,41.7921342041933,-87.60503296834287,,2023-12-28
Information / Aggravated Assault,"5252 S. Cornell, Chicago, IL",12/29/23 5:46 PM,12/29/23 5:45 PM,Two individuals sitting in their vehicle were approached by three unknown subjects armed with handguns / Shots were exchanged between the groups and suspects fled / Damage to victim's vehicle / No injuries reported / CPD case JG558959,CPD,2023-046409,41.8002799963063,-87.58583101405014,,2023-12-29
Information / Theft,"1554 E. 55th St., Chicago, IL",12/30/23 8:12 AM,12/30/23 8:00 AM,An unknown subject took merchandise from the off-campus store without paying / Referred to CPD,Referred,2023-046501,41.7952934540188,-87.588744563006,,2023-12-30
Assault,"5656 S. Maryland, Chicago, IL",12/31/23 4:32 PM,12/31/23 4:32 PM,One visitor threw a cup of water at another visitor / Suspect was arrested by UCPD officer,Arrest,23-01282,41.7921342041933,-87.60503296834287,,2023-12-31
Theft,"5780 S. Cottage Grove, Chicago, IL",1/1/24 12:43 PM,1/1/24 12:43 PM,A subject took a jacket from a parked vehicle / Suspect located and detained by UCPD officers / Victim retrieved jacket and declined prosecution,Ex. Cleared,24-00002,41.78918663237306,-87.60618854551052,,2024-01-01
Information / Theft,"1228 E. 53rd St., Chicago, IL",1/2/24 7:07 AM,1/2/24 7:00 AM,An unknown subject took merchandise from the off-campus store without paying / Referred to CPD,Referred,2024-000142,41.79951602876639,-87.59614963880938,,2024-01-02
Information / Theft,"5400 S. Cornell, Chicago, IL",1/2/24 7:29 AM,1/2/24 4:30 AM to 6:00 AM,Three bicycles taken from basement storage area of off-campus private apartment building / Referred to CPD,Referred,2024-000146,41.79806661974976,-87.58555842356571,,2024-01-02
Theft,"1156 E. 61st St., Chicago, IL",1/2/24 3:55 PM,12/7/23 to 1/2/24 1:00 PM to 3:00 PM,Unsecured bicycle taken from bike rack,Open,24-00007,41.78420790800237,-87.59744739983933,,2024-01-02
Information / Theft,"850 E. 63rd St., Chicago, IL",1/3/24 10:01 AM,1/3/24 9:10 AM,Victim pumping gas when an unknown suspect opened the car door and took victim's purse before fleeing to a waiting vehicle / CPD case JH102796,CPD,2024-000289,41.78049084255633,-87.60423327053616,,2024-01-03
Theft,"1554 E. 55th St., Chicago, IL",1/3/24 1:19 PM,1/3/24 1:19 PM,A subject took merchandise from the off-campus store without paying / The suspect was located and detained by UCPD officer / The merchandise was returned to the store / Management declined prosecution,Ex. Cleared,24-00008,41.7952934540188,-87.588744563006,,2024-01-03
Information / Attempt Theft,"3745 S. Ellis, Chicago, IL",1/3/24 3:04 PM,1/3/24 3:00 PM,"Two unknown suspects took power tools from victim's vehicle, but fled without property when confronted by victim / Referred to CPD",Referred,2024-000321,41.82726672449445,-87.60691332782807,,2024-01-03
Information / Theft from Motor Vehicle,"1350 E. Madison Park, Chicago, IL",1/4/24 7:55 PM,1/3/24 to 1/4/24 3:30 PM to 8:10 AM,Catalytic converter taken from vehicle parked on the street off-campus / Referred to CPD,Referred,2024-000514,41.803254270675325,-87.5954540635799,,2024-01-04
Information / Armed Robbery,"5415 S. Dorchester, Chicago, IL",1/5/24 1:07 PM,1/5/24 1:00 PM,"Two unknown suspects, armed with handguns, took a book bag from a victim walking on the sidewalk off-campus before fleeing to a waiting grey vehicle / CPD case",CPD,2024-000620,41.79759063625505,-87.59166271101697,,2024-01-05
Theft,"5700 S. Maryland, Chicago, IL",1/5/24 8:19 PM,1/5/24 8:15 PM,A person consumed food in the cafï¿½ without paying / Suspect detained and released after management declined prosecution,Ex. Cleared,24-00013,41.79039920081431,-87.6050172122317,,2024-01-05
Information / Theft,"1554 E. 55th St., Chicago, IL",1/6/24 11:39 AM,1/6/24 11:20 AM,An unknown subject took merchandise from the off-campus store without paying / Referred to CPD,Referred,2024-000760,41.7952934540188,-87.588744563006,,2024-01-06
Assault,"5428 S. Lake Park, Chicago, IL",1/6/24 2:36 PM,1/6/24 2:20 PM,A customer caused a disturbance and threatened employees and another customer placing them in fear for their safety / Suspect arrested by UCPD officers,Arrest,24-00016,41.797604441125145,-87.58733557522055,,2024-01-06
Information / Armed Robbery,"1305 E. 50th St., Chicago, IL",1/6/24 11:20 PM,1/6/24 10:45 PM,Four unknown suspects armed with handguns took property from two people walking on the sidewalk off-campus / Suspects fled to a waiting red Mazda and drove off / CPD case JH107204,CPD,2024-000838,41.80415108356988,-87.59409526730269,,2024-01-06
Information / Attempt Armed Robbery,"5421 S. Woodlawn, Chicago, IL",1/6/24 11:45 PM,1/6/24 11:43 PM,"Two victims walking on the sidewalk off-campus were confronted by two unknown suspects, one armed with a handgun / Suspects searched victims but did not take any property / Suspects fled on foot / Referred to CPD",Referred,2024-000843,41.7971349636951,-87.59651445635978,,2024-01-06
Information / Armed Robbery,"5400S. Ingleside, Chicago, IL",1/7/24 12:19 AM,1/7/24 12:10 AM,Person walking off-campus was approached by 4-5 unknown suspects armed with handguns / The suspects took property from the victim before fleeing to a waiting white minivan / CPD case JH187251,CPD,2024-000849,41.79785954405668,-87.60286981061756,,2024-01-07
Information / Theft,"5339 S. Ellis, Chicago, IL",1/7/24 3:15 PM,1/6/24 to 1/7/24 7:00 PM to 2:15 PM,License plate taken from a vehicle parked on the street off-campus / Referred to CPD,Referred,2024-000903,41.79882234042549,-87.6012136085721,,2024-01-07
Information / Motor Vehicle Theft,"1371 E. 50th St., Chicago, IL",1/8/24 12:14 PM,1/8/2024  12:00 PM to 12: 10 pm,2014 Hyundai Elantra parked on the street off-campus was taken by unknown person(s) / Referred to CPD,Referred,2024-001020,41.80416986130018,-87.59242702991395,,2024-01-08
Information / Theft,"6200 S. Dorchester, Chicago, IL",1/8/24 12:45 PM,1/3/24 to 1/6/24 9:00 AM to 12:00 PM,Secured bicycle taken from rear porch of off-campus private apartment building / Referred to CPD,Referred,2024-001025,41.78232580703303,-87.59146716225155,,2024-01-08
Theft,"5700 S. Maryland, Chicago, IL",1/8/24 3:54 PM,1/8/24 3:54 PM,Suspect took cash from victim / Suspect located and detained by UCPD officers / Victim declined prosecution,Ex. Cleared,24-00021,41.79039920081431,-87.6050172122317,,2024-01-08
Theft,"1155 E. 57th St., Chicago, IL",1/9/24 10:12 AM,1/5/24 to 1/8/24 8:00 PM to 3:00 PM,24-prepared portions of food taken from the kitchen,Open,24-00023,41.79137186379967,-87.59784005190477,,2024-01-09
Information / Theft from Motor Vehicle,"6104 S. Woodlawn, Chicago, IL",1/11/24 11:19 AM,1/10/24 to 1/11/24 2:00 PM to 11:15 AM,Tire taken from vehicle parked on the street off-campus / CPD case,CPD,2024-001439,41.78403791424444,-87.59636141545701,,2024-01-11
Information / Theft from Person,"1606 E. Hyde Park, Chicago, IL",1/11/24 3:59 PM,1/11/24 3:55 PM,Unknown suspect snatched a cell phone from the hand of a person standing at a bus stop off-campus / Suspect fled to a waiting white vehicle / Referred to CPD,Referred,2024-001463,41.80255350197075,-87.5863048754477,,2024-01-11
Information / Battery,"5500 S. Hyde Park, Chicago, IL",1/12/24 7:44 PM,1/12/24 7:40 PM,A person standing on the street off-campus was struck by another person who entered a tow truck and fled the scene / CPD case JH114010,CPD,2024-001628,41.79516892526385,-87.58402434617642,,2024-01-12
Theft,"5815 S. Maryland, Chicago, IL",1/13/24 2:21 PM,1/7/24 to 1/13/24 7:0 PM to 2:20 PM,Two cell phones and a jacket taken from person's property,Open,24-00044,41.78922352372791,-87.60487504097614,,2024-01-13
Theft,"1346 E. 53rd St., Chicago, IL",1/13/24 4:18 PM,1/13/24 4:28 PM,Suspect took property from the off-campus store without paying / Suspect arrested by UCPD,Arrest,24-00045,41.79955044222373,-87.59306282398296,,2024-01-13
Information / Theft,"1346 E. 53rd St., Chicago, IL",1/13/24 6:59 PM,1/13/24 6:50 PM,Unknown subject took merchandise from the off-campus store without paying / Referred to CPD,Referred,2024-001779,41.79955044222373,-87.59306282398296,,2024-01-13
Battery,"5656 S. Maryland, Chicago, IL",1/15/24 1:10 PM,1/14/24 4:00 PM,A person reported they were grabbed by the arm by a staff member,Open,24-00051,41.7921342041933,-87.60503296834287,,2024-01-15
Information / Aggravated Battery,"822 E. 47th St., Chicago, IL",1/15/24 7:50 PM,1/15/24 7:40 PM,CPD and UCPD officers responded to calls of a person shot / Victim suffered gunshot wounds and was transported to UCMED by CFD EMS / CPD case,CPD,2024-002058,41.8096034524965,-87.60564627488156,,2024-01-15
Information / Attempt Robbery,"1373 E. 61st St., Chicago, IL",1/16/24 5:38 PM,1/16/24 4:30 PM,A person walking in the alley was confronted by an unknown suspect who struck the victim and attempted to take the victim's cell phone / Suspect fled without taking property Referred to CPD,Referred,2024-002174,41.78413746719042,-87.59334571466496,,2024-01-16
Theft of Motor Vehicle,"1141 E. 56th St., Chicago, IL",1/16/24 8:24 PM,1/16/24 8:05 PM,2021 Kia Forte parked on the street was taken by unknown person,Open,24-00057,41.793189863495854,-87.59799585022228,,2024-01-16
Information / Armed Robbery,"5425 S. Dorchester, Chicago, IL",1/17/24 7:03 PM,1/17/24 7:00 PM,A person walking on the sidewalk off-campus was approached by an unknown suspect who was armed with a handgun / The suspect took a cell phone and backpack before fleeing on foot / CPD case JH118840,CPD,2024-002334,41.79730700133666,-87.59165692257801,,2024-01-17
Information / Theft,"1554 E. 55th St., Chicago, IL",1/19/24 7:40 AM,1/19/24 7:30 AM,Known suspect took merchandise from the off-campus store without paying / Referred to CPD,Referred,2024-002575,41.7952934540188,-87.588744563006,,2024-01-19
Assault,"1414 E. 59th St., Chicago, IL",1/19/24 1:57 PM,1/19/24 1:57 PM,Verbal dispute between staff member and delivery person documented,Closed,24-00067,41.787915179915785,-87.59109313855436,,2024-01-19
Motor Vehicle Theft,"6000 S. Stony Island, Chicago, IL",1/22/24 2:32 PM,1/22/24 8:30 AM to 8:45 AM,A 2024 Infiniti SUV was taken from the parking lot,Open,24-00071,41.78550276264082,-87.58665660637627,,2024-01-22
Theft,"5706 S. University, Chicago, IL",1/22/24 3:52 PM,1/22/24 3:20 PM to 3:25 PM,"Unattended, unsecured purse placed on the floor was taken by unknown person",Open,24-00072,41.79131921399244,-87.59814844683416,,2024-01-22
Theft,"5706 S. University, Chicago, IL",1/22/24 4:16 PM,1/22/24 1:30 PM to 3:55 PM,"Credit cards and ID taken from unattended, unsecured coat left on a chair",Open,24-00074,41.79131921399244,-87.59814844683416,,2024-01-22
Assault,"1055 E. 55th St., Chicago, IL",1/22/24 10:19 PM,1/22/24 10:19 PM,"A subject menaced a UCPD officer, placing the officer in fear of receiving a battery / Suspect arrested and charged with felony assault",Arrest,24-00077,41.79496369680078,-87.60047085828853,,2024-01-22
Theft,"1554 E. 55th St., Chicago, IL",1/23/24 8:20 AM,1/23/24 8:15 AM,A subject took merchandise from the off-campus store without paying / A UCPD officer located and arrested the subject / Property returned to the merchant,Arrest,24-00078,41.7952934540188,-87.588744563006,,2024-01-23
Theft,"6031 S. Ellis, Chicago, IL",1/23/24 5:45 PM,1/22/24 1:30 PM to 5:30 PM,"Victim placed clothes in dryer in the laundry room / Upon return, owner found a winter coat had been taken",Open,24-00082,41.78535247451697,-87.60110174010714,,2024-01-23
Theft,"1440 E. 57th St., Chicago, IL",1/23/24 7:13 PM,1/23/24 7:13 PM,"A subject consumed food in the restaurant, but refused to pay and walked out / Suspect was detained by UCPD officer and again refused to pay / Suspect arrested",Arrest,24-00083,41.79156745473756,-87.59015724042729,,2024-01-23
Motor Vehicle Theft,"929 E. 57th St., Chicago, IL",1/24/24 12:40 AM,1/23/24 4:00 PM to 10:30 PM,A parked 2020 Hyundai Elantra was taken by unknown person(s),Open,24-00085,41.79131786409539,-87.60301029502915,,2024-01-24
Information / Theft,"1554 E. 55th St., Chicago, IL",1/24/24 2:53 PM,1/24/24 2:50 PM,Two unknown subjects took merchandise from the off-campus store without paying / Referred to CPD,Referred,2024-003250,41.7952934540188,-87.588744563006,,2024-01-24
Information / Armed Robbery,"5550 S. Dorchester, Chicago, IL",1/24/24 5:17 PM,1/24/24 5:15 PM,Victim walking on the sidewalk off-campus was approached by an unknown suspect armed with a handgun / The suspect took victim's property and fled to a waiting vehicle / Referred to CPD,Referred,2024-003266,41.79389266081984,-87.5917308907504,,2024-01-24
Information / Robbery,"1313 E. 62nd St., Chicago, IL",1/24/24 6:50 PM,1/24/24 6:45 PM,A person walking on the sidewalk off-campus was confronted by two unknown suspects who took a cell phone and backpack from the victim before fleeing on foot / Referred to CPD,Referred,2024-003273,41.78230020845484,-87.59435160367013,,2024-01-24
Theft from Motor Vehicle,"5848 S. University, Chicago, IL",1/25/24 9:04 AM,1/25/24 7:15 AM to 9:00 AM,Catalytic converter taken from 2004 Cadillac parked on the street,Open,24-00093,41.790097712780266,-87.5981222392632,,2024-01-25
Information / Theft,"1453 E. 53rd St., Chicago, IL",1/27/24 9:56 PM,1/27/24 9:00 PM,A person reported the theft of their wallet while in an off-campus restaurant / Reported to CPD,CPD,2024-003692,41.79947344759546,-87.59002449070431,,2024-01-27
Information / Theft,"1346 E. 53rd St., Chicago, IL",1/28/24 2:28 PM,1/28/24 2:25 PM,A known person took merchandise from the off-campus store without paying / Referred to CPD,Referred,2024-003763,41.79955044222373,-87.59306282398296,,2024-01-28
Information / Theft,"1554 E. 55th St., Chicago, IL",1/29/24 3:51 PM,1/29/24 3:45 PM,An unknown subject took merchandise from the off-campus store without paying / Referred to CPD,Referred,2024-003858,41.7952934540188,-87.588744563006,,2024-01-29
Information / Theft,"1522 E. 59th St., Chicago, IL",1/30/24 9:35 AM,1/30/24 8:00 AM to 9:15 AM,Window smashed and tools taken from van parked on the street off-campus / Referred to CPD,Referred,2024-003951,41.78794067738608,-87.58836291926929,,2024-01-30
Battery,"5721 S. Maryland, Chicago, IL",1/30/24 12:36 PM,1/30/24 11:00 AM,A patient battered a UCM staff member / Patient to remain in the hospital due to medical condition,Open,24-00108,41.79028249316275,-87.60486168542639,,2024-01-30
Theft,"1131 E. 57th St., Chicago, IL",1/30/24 3:41 PM,1/30/24 12:40 PM to 1:50 PM,"Property taken from an unattended, unsecured bookbag placed on the floor next to a table",Open,24-00109,41.79136830804697,-87.5983277853494,,2024-01-30
Information / Theft,"1346 E. 53rd St., Chicago, IL",1/31/24 2:16 PM,1/31/24 12:15 PM,A known suspect entered the off-campus store and took merchandise without paying / Referred to CPD,Referred,2024-004118,41.79955044222373,-87.59306282398296,,2024-01-31
Theft from Motor Vehicle,"1210 E. 57th St., Chicago, IL",2/1/24 10:18 AM,1/31/24 to 2/1/24 6:00 PM to 7:00 AM,Catalytic converter taken from a 2015 Toyota parked on the street,Open,24-00115,41.79150658678617,-87.59602168542062,,2024-02-01
Theft,"900 E. 57th St., Chicago, IL",2/1/24 5:54 PM,2/1/24 9:50 AM to 4:30 PM,"Debit and credit cards taken from wallet in unattended, unsecured purse / Unauthorized use of debit card reported",Open,24-00116,41.79142345551048,-87.60366291896173,,2024-02-01
Domestic Battery,"6040 S. Harper, Chicago, IL",2/1/24 3:45 PM,2/1/24 2:45 PM,Boyfriend battered girlfriend in off-campus private apartment,Open,24-00117,41.78472618578536,-87.58821677767634,,2024-02-01
Theft,"900 E. 57th St., Chicago, IL",2/2/24 11:07 AM,2/1/24 10:00 AM to 4:30 PM,"Credit card taken from wallet that was inside of unsecured, unattended backpack left in cubicle / Subsequent attempts to use credit card reported",Open,24-00118,41.79142345551048,-87.60366291896173,,2024-02-02
Information / Theft,"1411 E. 53rd St., Chicago, IL",2/3/24 11:14 PM,2/3/24 11:00 PM,A person left the off-campus restaurant without paying for their meal / Referred to CPD,Referred,2024-004586,41.799455877173216,-87.59133583512323,,2024-02-03
Information / Theft,"5400 S. Woodlawn, Chicago, IL",2/4/24 1:22 PM,2/4/24 1:20 PM,Suspect observed going through off-campus apartment building mail boxes using a key / Suspect arrested by CPD officers,CPD,2024-004615,41.797931583192565,-87.59668686797608,,2024-02-04
Theft,"1642 E. 56th St., Chicago, IL",2/4/24 7:40 PM,2/4/24 7:35 PM,Two teens took key and fire extinguisher from the off-campus apartment building / UCPD officers located and detained the suspects / Management declined charges,Ex. Cleared,24-00121,41.79346645411079,-87.58473306786408,,2024-02-04
Information / Theft,"1554 E. 55th St., Chicago, IL",2/5/24 3:04 PM,2/5/24 3:00 PM,Two unknown suspects took merchandise from the off-campus store without paying / Referred to CPD,Referred,2024-004736,41.7952934540188,-87.588744563006,,2024-02-05
Theft from Motor Vehicle,"920 E. 61st St., Chicago, IL",2/6/24 9:33 AM,2/5/24 to 2/6/24 1:30 PM to 7:00 AM,Catalytic converter taken from 2017 Nissan parked on the street,Open,24-00128,41.78414245676163,-87.6036546060131,,2024-02-06
Aggravated Battery,"1750 E. 55th St., Chicago, IL",2/7/24 12:29 AM,2/7/24 12:25 AM,During an altercation a suspect stabbed victim with a knife / Suspect was located and arrested by UCPD officers,Arrest,24-00129,41.795311453627846,-87.581742661247,,2024-02-07
Information / Theft,"54 E. Ellis, Chicago, IL",2/7/24 2:22 PM,2/6/24 5:00 PM,Package taken from vestibule of off-campus apartment building / Referred to CPD,Referred,2024-005052,42.32162038085403,-87.83873645532492,,2024-02-07
Information / Theft,"1554 E. 55th St., Chicago, IL",2/7/24 5:50 PM,2/7/24 5:45 PM,An unknown subject took merchandise from the off-campus store without paying / Referred to CPD,Referred,2024-005078,41.7952934540188,-87.588744563006,,2024-02-07
Motor Vehicle Theft,"5631 S. Cottage Grove, Chicago, IL",2/8/24 9:42 AM,2/8/24 3:00 AM to 7:30 AM,A parked and secured 2017 Hyundai Sonata was taken,Open,24-00131,41.79257387625029,-87.60610201368871,,2024-02-08
Information / Theft,"1346 E. 53rd St., Chicago, IL",2/8/24 6:55 PM,2/8/24 6:50 PM,Two suspects took merchandise from the off-campus store without paying / CPD case,CPD,2024-005199,41.79955044222373,-87.59306282398296,,2024-02-08
Theft,"5823 S. Kenwood, Chicago, IL",2/9/24 7:23 AM,2/8/24 3:45 PM to 5:45 PM,"Unattended, unsecured coat taken from bench in gym",Open,24-00134,41.78948097228607,-87.59309242446761,,2024-02-09
Theft,"5530 S. Ellis, Chicago, IL",2/9/24 11:49 AM,2/9/24 10:10 AM to 10:30 AM,"An unsecured, unattended electric scooter taken from the vestibule of the building",Open,24-00135,41.79444356299348,-87.6014480073706,,2024-02-09
Theft,"5228 S. Lake Park, Chicago, IL",2/10/24 4:44 PM,2/10/24 4:43 PM,An unknown subject took merchandise from the off-campus store without paying,Open,24-00137,41.80058330960611,-87.58749463922226,,2024-02-10
Information / Theft,"1554 E. 55th St., Chicago, IL",2/10/24 6:02 PM,2/10/24 5:55 PM,Two unknown subjects took merchandise from the off-campus store without paying / Referred to CPD,Referred,2024-005502,41.7952934540188,-87.588744563006,,2024-02-10
Battery,"6300 S. University, Chicago, IL",2/12/24 1:44 PM,2/12/24 12:10 PM,A group of subjects physically assaulted one victim / Three suspects were arrested by UCPD,Arrest,24-00141,41.78045407997172,-87.59732203570559,,2024-02-12
Battery,"1362 E. 59th St. , Chicago, IL",2/12/24 4:18 PM,2/12/24 3:40 PM,A person reported they were shoved by an unknown subject / Subsequent to follow up investigation it was revealed that no crime occurred,Unfounded,24-00142,41.7878968800033,-87.592727616182,,2024-02-12
Theft from Motor Vehicle,"5537 S. University, Chicago, IL",2/13/24 1:20 PM,2/12/24 to 2/13/24 9:15 PM to 8:30 AM,Catalytic converter taken from 2014 Mazda parked on the street,Open,24-00143,41.79437732120704,-87.59807034181483,,2024-02-13
Information / Theft,"1554 E. 55th St., Chicago, IL",2/13/24 2:41 PM,2/13/24 2:35 PM,Unknown subject took merchandise from the off-campus store without paying / Referred to CPD,Referred,2024-005844,41.7952934540188,-87.588744563006,,2024-02-13
Information / Theft,"1554 E. 55th St., Chicago, IL",2/13/24 4:05 PM,2/13/24 4:00 PM,Unknown subject took merchandise from the off-campus store without paying / Referred to CPD,Referred,2024-005852,41.7952934540188,-87.588744563006,,2024-02-13
Information / Theft,"1554 E. 55th St., Chicago, IL",2/13/24 5:58 PM,2/13/24 5:55 PM,Two unknown subjects took merchandise from the off-campus store without paying / Referred to CPD,Referred,2024-005861,41.7952934540188,-87.588744563006,,2024-02-13
Theft,"1131 E. 57th St., Chicago, IL",2/13/24 6:58 PM,2/13/24 5:45 PM to 6:15 PM,"Wallet taken from unattended, unsecured bag / Unauthorized use of credit cards reported",Open,24-00147,41.79136830804697,-87.5983277853494,,2024-02-13
Information / Theft,"1369 E. 53rd St., Chicago, IL",2/13/24 6:50 PM,2/13/24 6:20 PM,"Wallet taken from unattended, unsecured bag in off-campus cafe / Unauthorized use of credit cards reported / Referred to CPD",Referred,2024-005866,41.79945124470828,-87.59207719981129,,2024-02-13
Information / Motor Vehicle Theft,"1363 E. 53rd St., Chicago, IL",2/13/24 11:28 PM,2/13/24 11:15 PM to 11:28 PM,Parked and secured 2020 Jeep parked on the street off-campus taken by unknown person(s) / Referred to CPD,Referred,2024-005899,41.79945042752343,-87.5921201021352,,2024-02-13
Theft,"1131 E. 57th St., Chicago, IL",2/14/24 10:05 AM,2/13/24 to 2/14/24 4:00 PM to 9:45 AM,"iPad and Air Pods taken from unattended, unsecured bookbag",Open,24-00148,41.79136830804697,-87.5983277853494,,2024-02-14
Information / Battery,"5100 S. Dorchester, Chicago, IL",2/14/24 8:18 PM,2/14/24 7:45 PM,"Three unknown subjects that had confronted victim 3 days prior, struck victim with their fists and fled on foot / Referred to CPD",Referred,2024-006015,41.80236019815618,-87.59192672924729,,2024-02-14
Information / Robbery,"5428 S. Kimbark, Chicago, IL",2/14/24 9:09 PM,2/14/24 9:05 PM,"Person walking on the sidewalk off-campus was confronted by 3 unknown suspects, one of whom forcibly took the victim's coat before fleeing in a waiting vehicle / CPD case JH152764",CPD,2024-006021,41.79713986035063,-87.59504892988565,,2024-02-14
Information / Motor Vehicle Theft,"5428 S. Kimbark, Chicago, IL",2/14/24 9:34 PM,2/14/24 9:05 PM,"A 2008 Kia Soul, parked and secured on the street off-campus was taken by unknown offenders / CPD case",CPD,2024-006025,41.79713986035063,-87.59504892988565,,2024-02-14
Information / Theft,"1340 E. 47th St., Chicago, IL",2/15/24 9:48 AM,2/14/24 4:00 PM,"Wallet taken from unattended, unsecured jacket in off-campus building / Referred to CPD",Referred,2024-006099,41.80974094933032,-87.59279308193072,,2024-02-15
Information / Theft,"1554 E. 55th St., Chicago, IL",2/15/24 11:02 AM,2/15/24 11:00 AM,A subject took merchandise from the off-campus store without paying / Referred to CPD,Referred,2024-006107,41.7952934540188,-87.588744563006,,2024-02-15
Theft,"860 E. 59th St., Chicago, IL",2/15/24 12:07 PM,2/15/24 12:00 PM to 12:15 PM,"Unattended, unsecured purse taken",Open,24-00152,41.78777528098283,-87.60426001353119,,2024-02-15
Assault,"5800 S. University, Chicago, IL",2/16/24 1:00 PM,2/16/24 1:00 PM,Subject assaulted a UCPD officer / Prosecution declined / Subject was transported to UCMED for mental evaluation,Ex. Cleared,24-00154,41.79051067252578,-87.59813077144742,,2024-02-16
Information / Motor Vehicle Theft,"5020 S. Cornell, Chicago, IL",2/18/24 3:45 PM,2/18/24 1:20 PM to 3:30 PM,2010 Honda Taken from parking lot / CPD case JH156929,CPD,2024-006496,41.80410203351164,-87.5865531306531,,2024-02-18
Theft,"1100 E. 57th St., Chicago, IL",2/18/24 7:49 PM,2/18/24 6:30 PM to 6:40 PM,"Wallet taken from unsecured, unattended backpack left in 2nd floor cubicle",Open,24-00163,41.79148537051799,-87.59815254349274,,2024-02-18
Assault,"1100 E. 57th St., Chicago, IL",2/19/24 1:21 PM,2/19/24 1:20 PM,A person making threatening gestures and talking incoherently was detained by UCPD officers / Victims who felt threatened declined prosecution / Suspect transported to UCMED for mental evaluation,Ex. Cleared,24-00164,41.79148537051799,-87.59815254349274,,2024-02-19
Information / Armed Robbery,"5601 S. Kenwood, Chicago, IL",2/19/24 11:02 PM,2/19/24 10:55 PM,"Three unknown suspects, armed with handguns, took property from two victims walking off-campus / Suspects fled in waiting white Dodge Charger / CPD case JH158493",CPD,2024-006689,41.79325375995893,-87.5931812352888,,2024-02-19
Sexual Assault / Fondling,"5700 S. Maryland, Chicago, IL",2/20/24 12:49 PM,2/13/24 time not specified,"DSS was notified by a Campus Security Authority that an undisclosed victim reported that she was fondled by a known person / Due to confidentiality of reporting, limited information is available regarding this incident",No Investigation Referred to Title IX Coordinator,CSA Report    24-005,41.79039920081431,-87.6050172122317,,2024-02-20
Theft,"1554 E. 55th St., Chicago, IL",2/20/24 12:00 PM,2/20/24 12:00 PM,Two suspects took merchandise from the off-campus store without paying / UCPD officer detained both suspects / Management declined prosecution,Ex. Cleared,24-00168,41.7952934540188,-87.588744563006,,2024-02-20
Information / Motor Vehicle Theft,"5048 S. Cornell, Chicago, IL",2/21/24 12:47 PM,2/21/24 12:47 PM,Two suspects took victim's car from the gas station as victim was pumping gas / CPD officers located and took the suspects into custody,CPD,2024-006900,41.80346442672152,-87.58653798440253,,2024-02-21
Information  / Theft,"1554 E. 55th St., Chicago, IL",2/21/24 5:53 PM,2/21/24 5:50 PM,Two unknown subjects took merchandise from the off-campus store without paying / Referred to CPD,Referred,2024-006930,41.7952934540188,-87.588744563006,,2024-02-21
Domestic Battery,"1154 E. 60th St., Chicago, IL",2/22/24 11:23 PM,2/22/24 11:20 PM,"During a domestic argument, one domestic partner struck the other / Victim declined prosecution",Ex. Cleared,24-00180,41.78602345609824,-87.59751426970416,,2024-02-22
Information / Robbery,"5021 S. Dorchester, Chicago, IL",2/23/24 2:12 PM,2/23/24 2:09 PM,Victim walking on the sidewalk off-campus was approached from the rear by an unknown suspect who forcibly took the victim's purse before fleeing to a waiting vehicle / CPD case JH162991,Referred,2024-007152,41.803519243368726,-87.59179413712633,,2024-02-23
Information / Theft,"1554 E. 55th St., Chicago, IL",2/24/24 3:03 PM,2/24/24 2:55 PM,An unknown person took merchandise from the off-campus store without paying / Referred to CPD,Referred,2024-007337,41.7952934540188,-87.588744563006,,2024-02-24
